genotype,01_26240718,02_3155861,02_8356790,03_14838649,03_16003963,03_16836366,04_7649232,05_17262818,06_24029465,06_25626699,06_2757634,06_26754985,06_26755206,06_3973931,07_177669,07_88727,08_5291477,08_6681137,08_8156299,09_12827401,09_2007105,10_16922022,10_20112128,10_20114171,10_20249542,12_1429319,12_3489230,13_1442163,13_2159584,13_4203182,14_10258650,15_14070654,15_13872119,15_141448,15_142205,15_277979,15_612663,16_5060,16_976218,17_10344016,17_3341915,18_9852425,09_1485194
HIRD-12-2,0,0,0,1,0,2,0,0,0,0,2,0,0,0,0,2,1,0,0,0,0,0,0,0,2,1,0,1,0,0,1,1,0,0,0,0,0,1,0,2,0,0,1
HOPF-27-1,0,0,0,1,0,1,0,0,0,0,0,0,0,0,0,1,0,0,1,0,0,0,1,1,0,2,0,1,0,0,0,0,0,0,0,0,0,0,0,0,0,0,0
HARB-26-5,1,0,0,0,1,0,0,0,0,0,0,0,0,0,0,2,0,0,0,0,0,1,1,1,0,0,0,1,0,0,1,1,0,0,0,0,0,0,0,1,1,0,0
SHEL15-1,1,0,0,0,0,0,0,0,0,0,1,1,1,0,0,2,0,1,1,0,1,1,0,0,0,1,0,2,0,1,0,0,0,2,2,1,1,0,0,1,0,0,0
MCHA19-2,0,0,0,0,0,1,0,0,0,0,0,0,0,0,0,2,1,0,2,0,0,2,1,1,0,1,0,0,0,0,0,0,0,0,0,0,0,1,0,1,0,0,2
TOBB23-3,0,0,0,1,0,1,0,0,0,0,0,0,0,0,0,1,1,0,2,0,0,2,1,1,0,0,0,1,0,0,0,0,0,0,0,0,0,1,0,1,0,0,1
MCFA20-3,0,0,0,1,0,1,0,0,0,0,0,0,0,0,0,1,2,0,1,0,0,1,0,0,0,1,0,1,0,0,0,0,0,1,0,0,0,0,0,2,0,0,2
SKNP10-9,1,0,0,2,0,0,0,0,1,0,0,1,1,0,0,2,1,0,1,0,0,1,0,0,2,0,0,1,0,0,0,0,0,0,0,0,0,0,0,1,0,0,1
YALD27-4,1,0,0,0,0,0,0,0,0,0,1,0,0,0,1,1,0,0,2,0,0,0,1,1,0,2,0,1,0,0,1,1,0,0,0,0,0,0,0,0,0,0,2
YALD27-3,1,0,0,0,0,1,0,0,0,0,0,0,0,0,0,2,0,0,2,0,0,1,2,2,0,1,0,0,0,0,1,0,0,0,0,0,0,0,0,0,0,0,1
WELC-27-4,0,0,0,0,1,1,0,0,0,0,0,0,0,0,0,2,0,0,1,0,0,2,0,0,0,1,0,0,1,0,0,1,0,0,0,0,0,0,0,0,0,1,0
KTMA-12-1,0,0,0,0,0,1,0,0,0,0,0,0,0,0,0,2,1,0,2,0,0,0,2,2,0,0,0,0,0,0,0,0,0,0,0,0,0,0,0,0,0,0,0
HLA22-5,0,0,0,0,0,2,0,0,0,0,0,0,0,0,0,2,0,0,1,0,0,2,1,1,1,1,0,0,0,0,1,0,0,0,0,0,0,1,0,2,0,0,2
TNZA4-1,0,0,0,2,1,0,1,0,0,0,0,0,0,0,0,2,1,0,1,0,0,0,0,0,0,0,0,0,0,0,1,0,0,0,0,0,0,1,1,1,1,0,2
MCFA20-2,0,0,0,0,0,2,0,0,0,0,0,0,0,0,0,1,1,0,1,0,0,2,1,1,0,1,0,0,0,0,1,0,0,0,0,0,0,1,0,1,0,0,1
MEMA28-5,0,0,0,0,0,0,0,0,0,0,0,0,0,0,0,2,1,0,1,0,0,0,2,2,0,0,0,2,0,0,0,0,0,0,0,0,0,0,0,1,0,0,2
18-DEND17-5,0,0,0,1,0,1,0,0,0,0,0,0,0,0,1,2,1,0,1,0,0,1,1,1,1,1,0,1,0,0,2,0,0,0,0,0,0,0,0,0,1,0,0
SLMC-28-2,0,0,0,1,0,1,0,0,0,0,0,0,0,0,0,2,2,0,2,0,0,1,1,1,0,1,0,1,1,0,0,0,0,0,0,0,0,0,0,1,0,0,0
LONG29-1,0,0,0,2,0,0,0,0,0,0,0,0,0,0,1,2,0,0,1,0,0,2,1,1,0,1,0,1,0,0,0,0,0,0,0,0,0,1,0,0,0,1,2
HLC22-3,0,0,0,0,0,1,0,0,0,0,0,0,0,0,0,2,0,0,0,0,0,2,2,2,0,0,0,0,0,0,0,0,0,0,0,0,0,0,0,1,0,0,1
DENC-17-5,0,0,0,1,0,0,0,0,0,0,0,0,0,0,0,2,0,0,2,0,0,2,0,0,0,1,0,1,0,0,0,0,0,0,0,0,0,0,0,1,0,1,1
JEFF30-3,2,0,0,2,2,0,0,0,0,0,0,0,0,0,0,1,0,0,1,0,0,0,2,2,0,2,0,2,0,1,0,1,0,0,0,0,0,0,1,0,0,1,2
5-DENC17-4,0,0,0,2,1,1,0,0,0,0,1,0,0,0,0,2,1,0,2,0,0,2,1,1,1,0,0,0,0,0,0,0,0,0,0,0,0,1,0,2,1,0,2
SQMB-25-3,0,0,0,0,0,0,0,0,0,0,0,0,0,0,0,2,1,0,1,0,0,1,1,1,0,0,0,0,0,0,1,1,0,0,0,0,0,0,0,0,0,0,2
BELA18-1,1,0,0,0,0,1,0,0,0,0,0,0,0,0,0,1,1,0,2,0,0,1,1,1,0,0,0,1,0,0,0,0,0,0,0,0,0,1,0,0,0,0,2
HOMA-21-4,0,0,0,1,0,1,0,0,0,0,0,0,0,0,0,2,1,0,0,0,0,2,0,0,0,0,0,0,0,0,0,0,0,0,0,0,0,0,0,0,0,0,0
HLC22-1,0,0,0,0,1,1,0,0,0,0,0,0,0,0,0,2,0,0,0,0,0,1,1,1,0,2,0,0,0,0,0,0,0,0,0,1,0,0,0,2,0,0,2
SLMB-28-1,0,0,0,0,0,1,0,0,0,0,0,0,0,0,0,2,0,0,1,0,0,1,1,1,0,1,0,0,0,0,0,1,0,0,0,0,0,0,0,1,0,0,1
STHA21-5,0,0,0,0,1,2,1,0,1,0,0,0,0,0,0,2,1,0,2,0,0,0,2,2,0,1,0,0,0,0,0,1,0,0,0,0,0,1,0,0,0,0,2
MCHB19-1,2,0,0,0,0,1,0,0,0,0,0,0,0,0,0,1,0,1,0,0,0,2,1,1,1,1,0,0,0,0,0,0,0,0,0,0,0,1,0,1,0,0,1
KTMC-12-5,0,1,0,2,0,2,0,0,0,0,0,2,2,0,0,2,0,0,1,0,0,0,1,1,0,1,0,0,1,0,1,0,0,0,0,0,0,0,0,2,0,0,0
BELC18-1,0,0,0,1,1,1,0,0,0,0,0,0,0,0,1,2,1,0,2,0,0,1,1,1,2,0,0,0,0,0,1,0,0,0,0,0,0,1,0,1,0,0,2
GLCB-26-4,1,0,0,1,0,2,0,0,0,0,0,0,0,0,0,2,1,0,1,0,0,0,1,1,0,2,0,0,0,0,1,0,0,0,0,0,0,0,1,1,0,0,0
STHB21-4,0,0,0,0,0,1,0,0,0,0,0,0,0,0,0,2,0,0,2,0,0,2,1,1,2,1,0,0,1,0,0,0,0,0,0,0,0,1,0,1,0,0,1
HRSP-27-4,0,0,0,1,1,1,0,0,0,0,0,0,0,0,0,2,0,0,1,0,0,2,1,1,0,1,0,0,0,0,0,1,0,0,0,0,0,0,0,1,0,0,0
JEFF30-2,1,1,0,1,0,1,1,0,0,0,0,0,0,0,0,1,0,0,1,0,0,1,2,2,0,2,0,0,0,0,0,1,0,0,0,0,0,0,0,1,0,0,2
MCMN-27-3,1,1,0,1,1,2,0,0,0,0,0,0,0,0,0,2,0,0,0,0,0,1,0,0,0,1,0,0,0,0,0,0,0,0,0,0,0,0,0,0,0,1,0
STHB21-2,0,0,0,0,0,2,0,0,0,1,0,0,0,0,0,2,0,0,2,0,0,2,1,1,0,2,0,0,0,0,0,0,0,0,0,0,0,0,0,0,0,0,2
LAFY30-1,2,0,0,2,1,0,0,0,0,1,0,0,0,0,0,1,0,0,2,0,0,0,2,2,0,2,0,1,1,0,0,1,0,0,0,0,0,0,1,0,0,0,2
KLNE-20-3,0,0,0,0,0,0,0,0,0,0,0,0,0,0,0,2,1,0,1,0,0,0,2,0,1,0,0,0,0,0,0,0,0,0,0,0,0,0,0,2,0,0,0
SKWA-24-3,0,0,0,0,0,0,0,0,0,0,0,0,0,0,0,2,1,0,0,0,0,1,0,0,0,0,0,0,0,0,0,1,0,0,0,0,0,1,0,2,0,0,0
MCHA19-5,1,0,0,0,1,1,0,0,0,0,0,0,0,0,0,1,1,0,0,0,0,0,1,1,1,0,0,0,0,0,1,0,0,0,0,0,0,0,0,2,0,0,1
JASP30-5,1,0,0,2,1,0,0,0,0,2,0,0,0,0,0,1,0,0,2,0,0,0,2,2,0,2,0,2,1,0,0,0,0,0,0,0,0,0,1,1,0,0,2
HKD19-4,0,0,0,0,0,0,0,0,0,0,0,0,0,0,1,2,2,0,1,0,0,1,1,1,2,0,0,1,0,0,1,0,0,0,0,0,0,0,0,1,0,0,2
SQMA-25-1,0,0,0,2,2,1,0,0,0,1,0,0,0,0,0,1,1,0,2,0,0,1,0,0,0,1,0,0,0,0,1,0,0,0,0,0,0,0,0,1,0,0,0
SKNN10-2,0,0,0,0,0,0,0,0,2,1,0,0,0,0,1,2,0,0,0,0,0,1,1,1,0,1,0,0,1,0,0,1,0,0,0,0,0,1,0,0,0,0,2
20-HOMD21-4,0,0,0,1,0,1,0,0,0,0,0,0,0,0,0,2,1,0,1,0,0,1,0,0,0,0,0,0,0,0,0,0,0,0,0,0,0,0,0,0,0,0,2
8-HOPG27-2,1,0,0,0,0,0,0,0,0,0,0,0,0,0,0,1,1,0,2,0,0,2,0,0,0,1,0,1,0,0,1,1,0,0,0,0,0,0,0,1,0,0,0
BELA18-4,1,0,0,1,0,2,0,0,0,0,1,0,0,0,0,2,1,1,2,0,0,2,0,0,0,1,0,0,1,0,0,0,0,0,0,0,0,1,0,1,0,0,2
QCTN16-4,0,0,0,2,0,1,0,0,0,0,0,0,0,0,0,1,0,0,1,0,0,0,0,0,0,0,0,1,0,0,0,0,0,0,0,0,0,0,0,0,1,0,2
HAZH10-2,1,0,0,1,0,2,0,0,1,0,0,2,2,0,0,2,1,0,1,0,1,1,1,1,2,0,0,1,1,0,0,0,0,0,0,0,0,1,0,1,0,0,1
DENB-17-2,1,0,0,1,0,1,0,0,0,0,0,1,1,0,1,2,1,0,1,0,0,2,1,1,1,2,0,0,0,0,0,0,0,0,0,0,0,0,0,0,0,0,0
SQMA25-5,1,1,0,0,1,1,0,0,0,0,0,0,0,0,0,2,0,0,2,0,0,1,2,2,0,1,0,0,0,0,0,0,0,0,0,0,0,0,0,0,0,0,1
SKWE-24-3,0,0,0,1,1,1,0,0,0,0,0,0,0,0,0,2,2,0,1,0,0,1,0,1,1,0,0,0,0,0,0,0,0,0,0,0,0,0,0,2,0,0,0
QFRS16-5,0,0,0,0,0,1,0,0,0,0,0,0,0,0,0,2,0,0,1,0,1,1,0,0,0,1,0,0,1,0,0,0,0,0,0,0,1,2,0,0,1,0,0
HOMD-21-3,0,0,0,0,0,2,0,0,0,1,0,0,0,0,0,1,2,0,0,0,0,2,0,0,1,1,0,0,0,0,0,0,0,0,0,0,0,0,0,0,0,0,0
LNZK28-2,0,2,0,0,0,1,1,0,0,0,0,0,0,0,1,2,1,0,2,0,0,0,1,1,0,2,0,0,0,0,0,0,0,0,0,0,0,1,0,0,0,0,1
SYJ28-1,0,0,0,0,0,1,1,0,0,0,0,0,0,0,0,2,0,0,2,0,0,1,0,0,0,1,0,1,0,0,0,0,0,0,0,0,0,0,0,2,0,0,2
QAUS16-3,0,0,0,1,2,1,0,0,0,0,1,1,1,0,1,2,2,0,0,0,0,0,0,0,0,0,0,0,0,0,0,0,0,2,2,1,0,1,0,0,2,0,0
NHTB-27-1,1,0,0,1,0,2,0,0,0,0,0,0,0,0,0,2,0,0,0,0,0,0,0,0,0,0,0,1,0,0,1,0,0,0,0,0,0,2,1,1,1,0,0
QCTN16-1,0,0,0,0,0,0,0,0,0,0,1,0,1,0,1,2,0,0,1,0,0,1,2,2,1,0,0,1,0,1,1,0,0,1,1,1,1,1,0,0,1,0,0
HOPF-27-5,0,0,0,0,0,0,1,0,0,0,0,0,0,0,0,0,0,0,2,0,0,1,0,0,0,2,0,2,0,0,1,0,0,0,0,0,0,0,0,1,0,0,0
KLNG-20-3,0,0,0,0,0,1,0,0,0,1,0,0,0,0,0,1,0,0,1,0,0,1,1,1,0,0,0,0,0,0,0,0,0,0,0,0,0,1,0,1,0,2,1
HOMC-21-1,0,0,0,1,0,2,0,0,0,0,0,0,0,0,0,2,0,0,1,0,0,1,2,2,0,0,0,0,0,0,0,1,0,0,0,0,0,1,0,0,0,0,0
SLMD-28-3,0,0,0,0,0,1,0,0,0,0,0,0,0,0,0,2,1,0,1,0,0,1,2,0,0,1,0,1,1,0,1,0,0,0,0,0,0,0,0,1,0,0,0
LNZK28-3,0,0,0,1,0,2,0,0,0,0,0,0,0,0,0,2,1,0,2,0,0,2,0,0,0,2,0,0,0,0,0,0,0,0,0,0,0,1,0,1,0,1,2
BELC18-4,1,0,0,0,1,1,0,0,0,0,0,0,0,0,0,2,1,0,2,0,0,1,0,0,0,2,0,1,0,0,0,0,0,0,0,0,0,1,0,0,0,0,1
HRSP-27-1,0,0,0,0,1,0,1,0,0,0,0,0,0,0,0,0,0,0,0,0,0,0,0,0,0,0,0,0,0,0,0,0,0,0,0,0,0,0,0,0,0,0,0
LONG29-2,0,0,0,2,1,1,2,0,0,0,0,0,0,0,1,2,0,0,2,0,0,2,2,2,0,2,0,1,0,1,0,0,0,1,0,0,0,1,0,0,0,1,2
RS29-2,2,0,0,1,1,1,1,0,0,1,0,0,0,0,0,2,1,0,0,0,0,1,0,0,0,2,0,2,0,0,0,0,0,0,0,0,0,0,0,0,0,2,2
SKWD-24-3,0,0,0,0,2,2,0,0,1,1,0,0,0,0,0,2,0,0,0,0,0,0,0,0,0,1,0,0,0,0,0,0,0,0,0,0,0,0,0,1,0,0,0
MEMA28-3,0,0,0,0,0,0,0,0,0,0,0,0,0,0,0,2,2,0,1,0,0,2,0,0,0,1,0,0,0,0,0,0,0,0,0,1,0,0,0,1,0,0,1
NBON29-2,1,0,0,2,1,0,0,0,0,1,0,0,0,0,0,1,0,0,1,0,1,1,2,2,0,0,0,0,2,0,0,0,0,0,0,0,0,1,0,0,0,2,1
SKWE-24-5,1,0,0,0,1,0,0,0,0,0,0,0,0,0,0,2,1,0,0,0,0,2,0,0,0,0,0,0,0,0,0,0,0,0,0,1,0,0,0,1,0,0,0
KLND-20-1,0,0,0,0,0,0,0,0,0,0,0,0,0,0,0,0,0,0,0,0,0,0,0,0,0,0,0,0,0,0,0,0,0,0,0,0,0,0,0,0,0,0,0
1-CMBF28-2,1,0,0,1,0,2,0,0,0,0,0,0,0,0,0,1,1,0,2,0,0,0,0,0,1,0,0,1,0,0,0,0,0,0,0,1,0,0,0,1,0,0,2
KLNA-20-3,1,0,0,0,0,2,0,0,0,0,0,0,0,0,0,2,0,0,1,0,1,2,0,0,0,1,0,0,0,0,0,0,0,0,0,0,0,0,0,1,0,0,0
HRSO-27-2,0,0,0,2,2,0,0,0,1,0,0,0,0,0,1,2,1,0,2,0,0,0,2,0,0,2,0,0,0,0,0,0,0,0,0,0,0,0,0,0,0,0,0
HIXN16-1,0,0,0,2,0,2,0,0,0,0,0,1,1,0,0,1,1,1,0,0,0,0,2,2,0,0,0,0,0,0,1,0,0,0,0,1,1,1,0,0,2,0,0
SQMC-25-5,0,0,0,0,1,1,0,0,0,0,0,0,1,0,1,1,1,0,1,0,0,0,1,1,1,0,0,0,0,0,0,0,0,0,0,0,0,0,0,1,0,0,0
SLMB-28-3,0,0,0,1,0,1,0,0,0,0,0,0,0,0,0,2,2,0,0,0,0,1,1,1,1,0,0,0,0,0,0,0,0,0,0,0,0,0,0,0,0,0,0
TLKH11-5,0,0,0,1,2,1,0,0,0,0,0,0,0,0,0,2,0,0,0,0,0,1,1,1,0,1,0,0,0,0,0,0,0,0,0,0,0,1,0,0,0,0,2
WLOW15-3,0,0,0,2,0,1,0,0,0,1,0,1,1,0,0,2,0,1,1,0,0,1,0,0,2,1,0,0,0,0,0,0,0,0,0,1,1,0,0,0,0,0,1
LAFY30-2,1,0,0,2,0,0,1,0,0,0,0,0,0,0,0,2,0,0,2,0,0,0,2,2,0,2,0,2,0,1,0,0,0,0,0,0,0,0,0,0,0,0,2
HOMD-21-2,0,0,0,0,0,1,0,0,0,1,0,0,0,0,0,2,0,0,0,0,0,0,0,0,0,1,0,0,0,0,0,0,0,0,0,0,0,0,0,0,0,0,1
NHTB27-2,0,0,0,2,0,1,0,0,0,0,0,0,0,0,1,0,0,0,1,0,0,1,1,1,1,2,0,1,1,1,0,0,0,0,0,0,0,1,1,0,0,0,1
HOMB-21-3,0,0,0,0,0,0,0,0,0,0,0,0,0,0,0,1,1,0,0,0,1,0,2,2,0,0,0,0,0,0,0,0,0,0,0,0,0,0,0,0,0,0,0
WHTE-28-4,0,0,0,1,0,0,0,0,0,0,1,0,0,0,0,2,0,0,0,0,0,0,0,1,1,0,0,0,0,0,0,0,0,0,0,0,0,0,0,0,0,0,1
TOBA23-3,0,0,0,1,0,1,0,0,0,0,0,0,0,0,0,2,0,0,0,0,0,2,0,0,0,1,0,2,0,0,0,0,0,0,0,0,0,1,0,1,0,0,0
QBKR16-3,0,0,0,1,1,0,0,0,0,0,0,0,0,0,0,2,2,1,1,0,1,0,1,1,1,0,0,0,0,0,0,0,0,1,1,1,2,1,0,1,1,0,2
HLA22-2,0,1,0,0,0,2,0,0,0,0,0,0,0,0,0,2,0,0,1,0,0,2,0,0,0,2,0,0,0,0,0,0,0,0,0,0,0,1,0,2,0,0,2
BELA18-3,1,0,0,0,0,1,1,0,0,0,0,1,1,0,0,1,0,1,1,0,0,2,1,1,0,1,0,0,0,0,0,0,0,0,0,0,0,1,0,1,1,0,0
22-KLND20-3,0,0,0,0,0,1,0,0,0,0,1,0,0,0,0,1,1,0,1,0,0,1,0,0,0,1,0,0,0,0,1,0,0,0,0,0,0,0,0,1,0,0,1
HRSP27-3,0,0,0,0,0,1,0,0,0,0,0,0,0,0,0,1,0,0,2,0,0,2,2,2,0,0,0,1,0,0,1,1,0,0,0,0,0,0,0,0,0,0,1
BELC18-2,0,0,0,0,1,1,0,0,0,0,0,0,0,0,0,2,2,0,1,0,0,1,0,0,0,0,0,0,0,0,0,0,0,0,0,0,0,0,0,0,0,1,2
LILC-26-5,0,0,0,0,0,0,1,0,0,0,0,0,0,0,0,0,0,0,1,0,0,2,1,1,0,1,0,1,0,0,0,0,0,0,0,0,0,0,0,0,1,0,0
9-HRSO27-1,0,0,0,0,1,1,0,0,1,0,0,0,0,0,1,2,0,0,1,0,0,2,1,1,0,1,0,0,1,0,0,0,0,0,0,0,0,0,0,1,1,0,1
SLMC-28-3,0,0,0,0,0,0,0,0,0,0,0,0,0,0,1,2,1,0,0,0,0,1,1,1,0,0,0,1,0,0,1,0,0,0,0,0,0,0,0,2,0,0,0
MCHB19-3,1,0,0,0,1,1,0,0,0,0,0,0,0,0,0,2,0,0,0,0,0,1,1,1,0,0,0,0,0,0,0,0,0,0,0,0,0,1,0,1,1,0,2
KTMC-12-3,0,0,0,0,0,1,0,0,0,0,0,0,0,0,0,0,0,0,0,0,0,1,1,1,0,1,0,1,0,0,0,0,0,0,0,0,0,0,0,0,0,0,0
HARC-26-2,0,0,0,1,1,0,0,0,0,0,0,0,0,0,0,2,0,0,1,0,0,0,1,1,0,1,0,0,0,0,1,0,0,0,0,0,0,0,0,1,0,0,0
TOBB23-2,0,0,0,0,0,1,0,0,0,0,0,0,0,0,0,1,1,0,1,0,0,1,2,2,0,1,0,1,0,0,0,0,0,0,0,0,0,0,0,2,0,0,0
SKWC-24-1,0,0,0,0,0,0,0,0,1,0,1,0,0,0,0,0,0,0,0,0,0,0,0,0,0,0,0,0,0,0,0,0,0,0,0,0,0,0,0,0,0,0,0
WELC27-2,0,0,0,0,0,1,0,0,0,0,0,0,0,0,0,1,0,0,0,0,0,1,0,0,0,2,0,0,1,0,1,0,0,0,0,0,0,0,0,0,0,1,1
HARB-26-1,0,0,0,0,0,2,0,0,0,0,0,0,0,0,1,2,0,0,0,0,0,2,0,2,0,0,0,0,0,0,0,0,0,0,0,0,0,0,0,0,0,0,0
HARC-26-1,0,0,0,1,0,2,0,0,0,0,0,0,0,0,0,1,1,0,2,0,0,2,1,1,0,0,0,0,1,0,2,0,0,0,0,0,0,0,0,1,0,0,0
7-GLCB26-1,0,0,0,0,0,2,0,0,2,0,0,0,0,0,0,2,1,0,1,0,0,2,2,2,0,0,0,1,0,0,1,0,0,0,0,0,0,0,0,0,0,0,0
NYH28-1,1,0,0,0,0,2,0,0,0,0,0,0,0,0,0,2,1,0,2,0,0,2,1,1,0,0,0,0,0,0,0,0,0,0,0,0,0,0,0,1,0,0,2
MCFA20-6,0,0,0,0,0,2,0,0,0,0,0,0,0,0,0,1,0,0,0,0,0,2,1,1,0,1,0,1,0,0,1,0,0,0,0,0,0,0,0,2,0,0,1
3-DENC17-2,1,0,0,1,0,1,0,0,0,0,0,0,0,0,0,2,0,0,1,0,0,2,0,0,0,1,0,2,0,0,1,0,0,0,0,0,0,1,0,0,0,0,0
21-KLND20-2,0,0,0,0,0,1,1,0,0,0,0,1,1,0,0,2,2,0,1,0,0,0,0,0,0,1,0,0,0,0,0,0,0,0,0,0,0,0,0,0,0,0,1
LAA20-4,0,0,0,1,1,0,1,0,0,0,0,0,0,0,0,1,1,0,1,0,0,1,0,0,0,0,0,1,0,0,0,0,0,0,0,0,0,0,0,0,0,0,1
KLNG-20-4,1,0,0,1,0,1,0,0,0,0,0,0,0,0,0,0,1,0,2,0,0,0,1,1,0,0,0,0,0,0,0,0,0,0,0,0,0,0,0,1,0,0,0
SKNP10-8,0,0,0,1,0,2,0,0,0,0,0,0,0,0,0,1,0,0,1,0,0,0,0,0,0,1,0,0,0,0,0,0,0,0,0,0,0,0,0,0,0,0,1
6-DEND17-3,0,0,0,1,0,0,0,0,0,0,0,0,0,0,0,2,0,0,2,0,0,2,0,0,1,1,0,1,0,0,0,0,0,1,0,0,0,0,0,0,1,0,0
SQMC25-2,0,0,0,1,0,2,0,0,0,0,0,0,0,0,0,2,1,0,0,0,0,0,1,1,0,0,0,2,0,0,0,0,0,0,0,0,0,0,0,0,0,0,2
HALS30-2,1,0,0,1,1,1,1,0,0,1,0,0,0,0,0,0,0,0,2,0,0,0,2,2,0,2,0,1,0,0,0,1,0,0,0,0,0,0,1,0,0,1,2
19-HOMA21-1,0,0,0,0,0,2,0,0,0,0,0,0,0,0,0,2,2,0,0,0,0,2,1,1,1,1,0,0,0,0,0,0,0,0,0,0,0,1,0,1,0,0,1
QLKE16-4,0,0,0,0,0,0,0,0,0,0,0,0,0,0,0,2,0,1,0,0,0,2,2,0,0,1,0,1,0,1,0,0,0,0,0,0,0,1,0,1,1,0,0
17-CMBF28-3,0,0,0,1,1,0,1,0,0,0,0,0,0,0,0,2,1,0,1,0,0,0,1,1,0,2,0,1,0,0,0,0,0,0,0,1,0,0,0,0,0,0,1
KLNE-20-4,1,0,0,0,0,2,0,0,0,0,0,0,0,0,1,2,1,0,1,0,0,0,1,1,0,0,0,0,1,0,0,0,0,0,0,0,0,0,0,1,0,0,1
HWI-27-4,0,0,0,1,0,0,0,0,0,0,0,0,0,0,1,2,0,0,0,0,0,0,2,2,0,1,0,0,1,0,0,1,0,0,0,0,0,0,0,0,0,1,0
STHA21-2,0,0,0,0,0,2,1,0,0,0,0,0,0,0,0,1,0,0,0,0,0,1,0,0,0,0,0,0,0,0,0,0,0,0,0,0,0,2,0,0,0,0,1
KIMB16-2,1,0,0,1,0,0,1,0,0,1,0,0,0,0,0,2,0,0,2,0,0,1,0,0,0,0,0,0,0,0,1,0,0,0,0,0,0,0,0,0,0,0,2
ELAD25-4,0,1,0,0,0,0,0,0,0,0,0,0,0,0,0,2,0,0,2,0,0,2,1,1,0,2,0,0,1,0,0,0,0,0,0,0,0,0,0,2,0,0,2
ZYMJ10-5,0,1,0,1,0,2,0,0,1,0,0,0,0,0,0,1,0,0,0,0,0,0,0,0,2,1,0,1,0,0,0,0,0,0,0,0,0,1,0,2,0,0,1
KLNE-20-5,0,0,0,0,0,1,0,0,0,0,0,0,0,0,0,2,1,0,1,0,0,0,1,1,0,0,0,1,0,0,0,0,0,0,0,0,0,0,0,1,0,0,0
MCHB19-2,1,0,0,1,0,1,0,0,0,0,0,0,0,0,0,2,1,0,1,0,0,1,0,0,0,1,0,0,0,0,0,0,0,0,0,1,0,2,0,2,0,1,2
NYI-28-1,0,0,0,0,1,2,0,0,0,0,0,0,0,0,0,2,1,0,1,0,0,0,0,0,0,0,0,1,0,0,0,1,0,0,0,0,0,1,0,0,0,0,1
HLC22-4,0,0,0,0,0,2,0,0,0,0,0,0,0,0,1,2,0,0,1,0,0,2,1,1,0,1,0,1,0,0,0,0,0,0,0,0,0,0,0,2,0,0,2
SKNC10-2,0,1,0,1,0,0,0,0,0,0,0,1,1,0,0,2,0,1,0,0,0,1,1,1,2,1,0,0,0,1,0,0,0,0,0,0,0,1,0,1,0,1,2
QBKR16-4,0,0,0,1,0,1,0,0,0,0,0,0,0,0,0,2,2,1,0,0,0,2,2,2,0,2,0,1,0,2,0,0,0,0,0,0,0,1,0,1,0,0,1
SLMD-28-1,0,0,0,0,0,1,0,0,0,0,0,0,0,0,0,2,1,0,0,0,0,1,0,0,1,1,0,2,0,0,0,0,0,0,0,0,0,0,0,0,0,0,1
JASP30-4,0,0,0,1,0,0,1,0,1,0,0,0,0,0,0,1,0,0,2,0,0,0,2,2,0,2,0,2,1,0,0,1,0,0,0,0,0,0,2,0,0,1,2
HALS30-4,2,1,0,2,1,0,1,0,0,1,0,0,0,0,0,1,0,0,1,0,0,0,1,1,0,2,0,2,0,1,0,0,0,0,0,0,0,0,2,0,0,0,2
HOMB21-1,0,0,0,1,1,0,0,0,0,0,1,0,0,0,0,2,2,0,0,0,0,2,0,0,0,1,0,1,0,0,0,0,0,0,0,1,0,0,0,1,0,0,2
24-SKWD24-1,0,0,0,1,0,1,0,0,0,0,0,0,0,0,0,2,1,0,1,0,0,2,1,1,0,1,0,0,0,0,0,0,0,0,0,0,0,1,0,1,0,0,1
KLNA-20-5,0,0,0,1,0,1,0,0,0,0,0,0,0,0,0,2,0,0,2,0,0,1,0,0,1,2,0,0,0,0,0,0,0,0,0,0,0,0,0,0,0,0,0
HOMC-21-3,0,0,0,0,0,1,0,0,0,0,0,0,0,0,0,2,1,0,0,0,0,0,0,0,0,0,0,1,0,0,0,0,0,0,0,0,0,0,0,1,0,0,0
SHEL15-4,0,0,0,0,0,1,1,0,0,1,1,2,2,0,0,2,1,0,2,0,1,0,1,1,0,2,0,0,0,0,0,0,0,2,2,2,1,1,0,1,1,1,1
QLKE16-1,0,0,0,2,1,1,0,0,0,0,0,1,1,0,1,2,0,0,0,0,1,2,1,1,0,1,0,1,0,0,0,0,0,1,1,1,0,0,1,0,2,0,0
LONG29-5,0,1,0,0,1,0,1,0,0,0,0,0,0,0,1,1,1,0,0,0,0,2,1,1,0,2,0,2,1,1,0,0,0,0,0,0,0,0,0,0,0,0,2
HOMD21-5,1,0,0,1,0,1,0,0,1,0,1,0,0,0,0,1,2,0,1,0,0,1,2,2,0,2,0,0,0,0,0,0,0,0,0,0,0,0,0,0,0,0,1
LILC-26-1,0,0,0,1,0,1,0,0,0,0,0,0,0,0,0,2,1,0,1,0,0,1,0,0,1,2,0,1,0,0,0,0,0,0,0,0,0,1,0,0,0,0,0
KIMB16-3,0,0,0,2,0,1,0,0,0,0,1,1,1,0,0,1,0,0,0,0,2,1,0,0,0,0,0,1,0,1,0,0,0,1,1,1,0,1,0,1,2,0,1
YALE-27-1,0,0,0,0,0,1,0,0,0,0,0,0,0,0,0,0,0,0,2,0,0,0,0,0,0,2,0,0,1,0,1,0,0,0,0,0,0,0,0,0,0,1,1
NDL-27-3,0,0,0,0,0,0,0,0,0,0,0,0,0,0,0,2,0,0,2,0,0,0,1,1,0,2,0,0,0,0,1,1,0,0,0,0,0,0,0,0,0,1,0
HARB-26-4,0,0,0,1,0,1,0,0,0,0,0,0,0,0,0,2,1,0,2,0,0,1,1,1,0,1,0,0,0,0,0,0,0,0,0,0,0,0,1,0,0,0,0
DENA-17-2,0,0,0,1,0,0,0,0,0,0,1,1,1,0,0,1,0,0,1,0,0,1,1,1,1,1,0,1,0,0,0,0,0,0,0,0,0,1,0,1,0,0,1
23-LILC26-2,0,0,0,0,0,2,0,0,0,1,0,0,0,0,1,2,1,0,0,0,0,2,2,2,0,1,0,1,0,0,0,0,0,0,0,0,0,0,0,0,0,0,2
LILB-26-5,0,0,0,1,0,1,0,0,0,0,0,0,0,0,1,2,1,0,2,0,0,2,0,0,0,0,0,0,0,0,0,0,0,0,0,0,0,1,0,0,0,0,0
HKD19-2,0,0,0,2,0,2,0,0,0,0,0,0,0,0,0,2,2,0,2,0,0,1,0,0,0,2,0,0,0,0,0,0,0,0,0,0,0,0,0,1,0,0,1
LILB-26-1,0,0,0,0,0,0,0,0,0,0,0,0,0,0,0,2,1,0,1,0,0,0,1,1,0,1,0,2,0,0,0,0,0,0,0,0,0,0,0,1,0,0,1
QFRS16-2,0,0,0,1,0,0,0,0,0,0,0,0,0,0,0,2,0,0,1,0,2,2,1,1,0,0,0,1,0,0,0,0,0,0,0,0,0,0,0,0,0,0,1
QFRS16-1,1,0,0,1,0,0,0,0,0,0,0,0,0,0,0,2,0,0,0,0,1,1,0,0,0,0,0,0,0,1,0,0,0,1,1,0,1,0,0,0,1,0,0
HARB-26-3,0,0,0,1,0,1,1,0,0,0,0,0,0,0,1,1,0,0,1,0,0,1,1,1,0,1,0,0,0,0,0,0,0,0,0,0,0,1,0,1,2,0,0
HWK-27-3,1,0,0,0,0,0,0,0,0,0,0,0,0,0,0,1,1,0,2,0,0,2,1,1,0,2,0,0,1,0,0,0,0,0,0,0,0,0,0,1,0,0,0
KTMA-12-4,0,0,0,1,1,0,0,0,0,0,0,0,0,0,0,2,0,0,0,0,0,2,0,0,0,0,0,0,0,0,1,0,0,0,0,0,0,0,0,0,0,0,2
LILD-26-3,1,0,0,1,0,1,1,0,0,0,0,0,0,0,0,2,1,0,1,0,0,1,0,0,0,0,0,0,0,0,0,0,0,0,0,0,0,0,0,1,0,1,0
MCHA19-4,2,0,0,1,0,0,0,0,0,0,0,0,0,0,0,0,1,0,0,0,0,1,1,1,0,1,0,0,0,0,0,0,0,0,0,0,0,0,0,2,0,0,1
LILB26-2,0,0,0,1,1,1,0,0,0,0,0,0,0,0,0,2,1,0,2,0,0,2,1,1,0,2,0,2,0,0,0,0,0,0,0,0,0,0,0,0,0,0,0
ELAD25-2,0,0,0,0,1,1,0,0,1,1,0,1,1,0,0,2,1,0,1,0,0,1,2,2,0,0,0,1,0,0,1,0,0,0,0,0,0,0,0,1,0,0,1
HRSO-27-4,0,0,0,0,0,0,0,0,0,0,0,0,0,0,0,0,0,0,0,0,0,0,0,0,0,0,0,0,0,0,0,0,0,0,0,0,0,0,0,0,0,0,0
BLCG-28-1,1,0,0,1,0,1,0,0,0,0,0,0,0,0,0,1,0,0,0,0,0,0,0,1,0,0,0,0,0,0,1,0,0,0,0,0,0,1,0,0,0,0,1
HLC22-2,0,0,0,0,1,1,0,0,0,0,0,0,0,0,0,2,0,0,1,0,0,1,1,1,0,0,0,1,0,0,0,0,0,0,0,0,0,0,0,2,0,0,2
YALD-27-5,1,0,0,0,1,1,0,0,0,0,0,0,0,0,1,2,0,0,0,0,0,0,1,1,0,1,0,1,0,0,0,0,0,0,0,0,0,0,0,0,0,1,0
HLC22-5,0,0,0,0,0,2,0,0,0,0,0,0,0,0,1,2,1,0,0,0,0,1,0,0,0,2,0,0,1,0,0,0,0,0,0,0,0,0,0,1,0,0,2
HOMA-21-2,0,0,0,0,0,1,0,0,0,1,0,0,0,0,0,2,2,0,0,0,0,2,2,0,0,1,0,0,0,0,0,0,0,0,0,0,0,0,0,1,0,0,2
QLKE16-3,0,0,0,0,0,1,0,0,0,2,0,0,0,0,0,2,0,1,2,0,0,1,2,2,0,2,0,1,0,1,0,0,0,0,0,0,0,1,0,0,0,0,0
MBF-28-1,0,0,0,1,0,0,1,0,1,0,0,0,0,0,0,0,0,0,1,0,0,2,1,1,0,1,0,1,0,0,0,0,0,0,0,0,0,0,0,1,0,0,0
LAA20-3,0,0,0,1,0,1,0,0,0,0,0,0,0,0,0,2,0,0,2,0,0,1,0,0,0,1,0,1,0,0,0,0,0,0,0,0,0,0,0,1,1,0,2
JASP30-1,2,1,0,2,2,0,0,0,0,1,0,0,0,0,0,1,0,0,2,0,0,1,2,2,0,2,0,2,0,0,0,0,0,0,0,0,0,0,2,0,0,0,2
KLNG-20-6,0,0,0,0,0,0,0,0,0,0,0,0,0,0,0,0,0,0,2,0,0,2,0,0,0,0,0,1,0,0,0,0,0,0,0,0,0,0,0,1,0,0,0
NYI-28-4,1,0,0,0,0,0,0,0,0,0,0,0,0,0,0,1,0,0,1,0,0,0,1,1,0,1,0,1,0,0,0,0,0,0,0,0,0,0,0,0,0,0,0
JASP30-3,2,1,0,2,2,1,0,0,0,2,0,0,0,0,0,1,0,0,2,0,0,0,1,1,0,2,0,2,0,1,0,0,0,0,0,0,0,0,1,0,0,1,2
WELC-27-3,0,0,0,0,0,1,0,0,0,0,0,0,0,0,1,2,0,0,1,0,0,2,0,0,0,2,0,0,1,0,0,0,0,0,0,0,0,1,0,0,0,1,0
NDL-27-5,1,0,0,0,1,1,0,0,0,0,0,0,0,0,0,2,0,0,1,0,0,2,2,2,0,1,0,1,0,0,1,0,0,0,0,0,0,0,0,0,0,0,0
SYJ28-3,0,0,0,1,0,2,2,0,0,0,0,0,0,0,0,2,0,0,2,0,0,0,1,1,0,1,0,0,0,0,0,0,0,0,0,0,0,0,0,2,0,0,2
WHTE-28-1,0,0,0,0,0,1,1,0,0,0,0,0,0,0,1,2,0,0,1,0,0,1,0,0,0,0,0,1,1,0,0,0,0,0,0,0,0,1,0,0,0,0,0
,,,,,,,,,,,,,,,,,,,,,,,,,,,,,,,,,,,,,,,,,,,
HOM_REF,131,166,179,91,131,58,152,179,165,157,164,163,161,179,150,14,96,168,55,179,167,56,71,72,148,66,179,101,153,164,142,158,179,168,171,163,171,123,165,89,156,155,74
HOM_ALT,8,1,0,23,8,36,2,0,2,3,1,3,3,0,0,120,17,0,52,0,2,56,35,31,9,42,0,18,1,1,2,0,0,3,3,1,1,4,3,22,5,3,55
HET,40,12,0,65,40,85,25,0,12,19,14,13,15,0,29,45,66,11,72,0,10,67,73,76,22,71,0,60,25,14,35,21,0,8,5,15,7,52,11,68,18,21,50
,,,,,,,,,,,,,,,,,,,,,,,,,,,,,,,,,,,,,,,,,,,
genotype,01_26240718,02_3155861,02_8356790,03_14838649,03_16003963,03_16836366,04_7649232,05_17262818,06_24029465,06_25626699,06_2757634,06_26754985,06_26755206,06_3973931,07_177669,07_88727,08_5291477,08_6681137,08_8156299,09_12827401,09_2007105,10_16922022,10_20112128,10_20114171,10_20249542,12_1429319,12_3489230,13_1442163,13_2159584,13_4203182,14_10258650,15_14070654,15_13872119,15_141448,15_142205,15_277979,15_612663,16_5060,16_976218,17_10344016,17_3341915,18_9852425,09_1485194
AF1,0.156424581,0.039106145,0,0.310055866,0.156424581,0.438547486,0.081005587,0,0.044692737,0.069832402,0.044692737,0.053072626,0.058659218,0,0.081005587,0.796089385,0.279329609,0.030726257,0.491620112,0,0.039106145,0.5,0.399441341,0.38547486,0.111731844,0.432960894,0,0.268156425,0.075418994,0.044692737,0.108938547,0.058659218,0,0.039106145,0.030726257,0.047486034,0.025139665,0.167597765,0.047486034,0.312849162,0.078212291,0.075418994,0.446927374
AF2,0.843575419,0.960893855,1,0.689944134,0.843575419,0.561452514,0.918994413,1,0.955307263,0.930167598,0.955307263,0.946927374,0.941340782,1,0.918994413,0.203910615,0.720670391,0.969273743,0.508379888,1,0.960893855,0.5,0.600558659,0.61452514,0.888268156,0.567039106,1,0.731843575,0.924581006,0.955307263,0.891061453,0.941340782,1,0.960893855,0.969273743,0.952513966,0.974860335,0.832402235,0.952513966,0.687150838,0.921787709,0.924581006,0.553072626
MAF,0.156424581,0.039106145,0,0.310055866,0.156424581,0.438547486,0.081005587,0,0.044692737,0.069832402,0.044692737,0.053072626,0.058659218,0,0.081005587,0.203910615,0.279329609,0.030726257,0.491620112,0,0.039106145,0.5,0.399441341,0.38547486,0.111731844,0.432960894,0,0.268156425,0.075418994,0.044692737,0.108938547,0.058659218,0,0.039106145,0.030726257,0.047486034,0.025139665,0.167597765,0.047486034,0.312849162,0.078212291,0.075418994,0.446927374
