"","V1","V2"
"1",1,26240718
"2",2,3155861
"3",2,8356790
"4",3,14838649
"5",3,16003963
"6",3,16836366
"7",4,7649232
"8",5,17262818
"9",6,24029465
"10",6,25626699
"11",6,2757634
"12",6,26754985
"13",6,26755206
"14",6,3973931
"15",7,177669
"16",7,88727
"17",8,5291477
"18",8,6681137
"19",8,8156299
"20",9,12827401
"21",9,2007105
"22",10,16922022
"23",10,20112128
"24",10,20114171
"25",10,20249542
"26",12,1429319
"27",12,3489230
"28",13,1442163
"29",13,2159584
"30",13,4203182
"31",14,10258650
"32",15,14070654
"33",15,13872119
"34",15,141448
"35",15,142205
"36",15,277979
"37",15,612663
"38",16,5060
"39",16,976218
"40",17,10344016
"41",17,3341915
"42",18,9852425
"43",9,1485194
